id,title,isDevRole,relevanceScore,juniorScore,seniority,experienceMinYears,workType,tags,reasons
1514,⚙️ TRAINEE V OBLASTI AUTOMATIZACE - start kariéry pro absolventy! 🎓,false,58,96,junior,,unknown,,+30 explicit junior|+8 trainee|+8 graduate
1723,Sales analytics assitant (student při VŠ),false,30,50,unknown,,unknown,,
1724,JUNIOR IT (Domažlice),false,54,90,junior,,unknown,,+30 explicit junior|+10 explicit junior
1809,Digital Group Business Solutions Trainee (SAP) 💧 Mattoni Trainee Program 🎓,false,53,88,junior,,unknown,,+30 explicit junior|+8 trainee
1908,Internship v týmu BI & Data Governance 📊,false,45,75,intern,,unknown,,+25 internship
2017,JUNIOR Projektový koordinátorJunior projektový/á koordinátor/ka (Project - logistika (m/ž),false,54,90,junior,,unknown,,+30 explicit junior|+10 explicit junior
2174,Trainee Junior PM / Programový support - brigáda (m/ž),false,59,98,junior,,unknown,,+30 explicit junior|+10 explicit junior|+8 trainee
2187,Trainee IT Analytik/čka – tým Personalizovaného marketingu (OLEG - kampaňový systém),false,53,88,junior,,unknown,,+30 explicit junior|+8 trainee
2188,Trainee Tester/ka – tým ZPS,false,69,88,junior,,unknown,,title: +2 tester|+30 explicit junior|+8 trainee
2189,SALESFORCE ADMINISTRATOR junior,false,54,90,junior,,unknown,,+30 explicit junior|+10 explicit junior
2195,Dlouhodobá studentská stáž | Průmyslová digitalizace a automatizace (m/ž/n),false,45,75,intern,,unknown,,+25 internship
2196,Junior On-site Engineer - 1/2 úvazek - agenturní pracovník,false,54,90,junior,,unknown,,+30 explicit junior|+10 explicit junior
2197,IT Technik – vhodné i pro absolventy,false,53,88,junior,,unknown,,+30 explicit junior|+8 graduate
2200,Junior vývojář/ka slotových her,true,94,90,junior,,unknown,,title: +5 software development role|+30 explicit junior|+10 explicit junior
2201,AI engineer junior,false,54,90,junior,,unknown,,+30 explicit junior|+10 explicit junior
2202,Internet Security Administrátor se zaměřením na automatizaci,false,30,50,unknown,,unknown,,
2203,PhD Student: Biomolecular Dynamics × AI/ML (ERBIOM project),false,30,50,unknown,,unknown,,
2207,Junior vývojář/ka slotových her,true,94,90,junior,,unknown,,title: +5 software development role|+30 explicit junior|+10 explicit junior
2208,"IT podpora & Helpdesk & Service Desk - velká firma, příležitost i pro juniory",false,30,50,unknown,,unknown,,
2209,Internet Security Administrátor se zaměřením na automatizaci,false,30,50,unknown,,unknown,,
2210,Interní obchodník/obchodnice,false,30,50,unknown,,unknown,,
2211,PhD Student: Biomolecular Dynamics × AI/ML (ERBIOM project),false,30,50,unknown,,unknown,,
2212,Junior Network Administrator,false,54,90,junior,,unknown,,+30 explicit junior|+10 explicit junior
2217,Junior programátor v jazyce C++,false,70,90,junior,,unknown,c++,title: +2 programmer|+30 explicit junior|+10 explicit junior
2220,Junior consultant IT (ž/m),false,54,90,junior,,unknown,,+30 explicit junior|+10 explicit junior
2221,Junior IT administrátor (m/ž),false,54,90,junior,,unknown,,+30 explicit junior|+10 explicit junior
2222,Datový analytik Junior (m/ž),false,54,90,junior,,unknown,,+30 explicit junior|+10 explicit junior
2223,Partnerships Associate,false,30,50,unknown,,unknown,,
2224,Junior Network Security Engineer,false,54,90,junior,,unknown,,+30 explicit junior|+10 explicit junior
2233,Backend Developer - junior/mid level,true,94,90,junior,,unknown,,title: +5 software development role|title: +5 web development|+30 explicit junior|+10 explicit junior
2234,Interní SAP konzultant ( FI/CO ),false,30,50,unknown,,unknown,,
2235,Programátor interních aplikací,false,46,50,unknown,,unknown,,title: +2 programmer
2236,Vývojář začátečník/junior [KICKOFF] | Praha,true,100,100,junior,,unknown,,title: +5 software development role|+30 explicit junior|+10 explicit junior|+10 beginner
2237,Vývojář začátečník/junior [KICKOFF] | ČB,true,100,100,junior,,unknown,,title: +5 software development role|+30 explicit junior|+10 explicit junior|+10 beginner
2238,Vývojář začátečník/junior [KICKOFF] | Brno,true,100,100,junior,,unknown,,title: +5 software development role|+30 explicit junior|+10 explicit junior|+10 beginner
2239,[START] kariéra začátečník vývojář | Praha,true,94,90,junior,,unknown,,title: +5 software development role|+30 explicit junior|+10 beginner
2242,⋙ Junior obchodník | Nastartujte kariéru v B2B obchodu | Pardubice ⋘,false,54,90,junior,,unknown,,+30 explicit junior|+10 explicit junior
2243,⋙ Junior obchodník | Nastartujte kariéru v B2B obchodu | Praha ⋘,false,54,90,junior,,unknown,,+30 explicit junior|+10 explicit junior
2244,JUNIOR DATOVÝ ANALYTIK – ŠANCE PRO TALENTY,false,54,90,junior,,unknown,,+30 explicit junior|+10 explicit junior
2245,Backend Developer - junior/mid level,true,94,90,junior,,unknown,,title: +5 software development role|title: +5 web development|+30 explicit junior|+10 explicit junior
2246,Vývojář začátečník/junior [KICKOFF] | Praha,true,100,100,junior,,unknown,,title: +5 software development role|+30 explicit junior|+10 explicit junior|+10 beginner
2247,Vývojář začátečník/junior [KICKOFF] | ČB,true,100,100,junior,,unknown,,title: +5 software development role|+30 explicit junior|+10 explicit junior|+10 beginner
2248,Vývojář začátečník/junior [KICKOFF] | Brno,true,100,100,junior,,unknown,,title: +5 software development role|+30 explicit junior|+10 explicit junior|+10 beginner
2249,[START] kariéra začátečník vývojář | Praha,true,94,90,junior,,unknown,,title: +5 software development role|+30 explicit junior|+10 beginner
2251,Administrátor a správce IS/IT junior - Brno,false,54,90,junior,,unknown,,+30 explicit junior|+10 explicit junior
2254,Trainee – IT Test engineer –  ATMs & Cash handling,false,53,88,junior,,unknown,,+30 explicit junior|+8 trainee
2255,Trainee – IT Test engineer –  Advanced Payments Services,false,53,88,junior,,unknown,,+30 explicit junior|+8 trainee
2266,SCADA Programátor / Junior SCADA programátor,false,70,90,junior,,unknown,,title: +2 programmer|+30 explicit junior|+10 explicit junior
2269,SCADA Programátor / Junior SCADA programátor,false,70,90,junior,,unknown,,title: +2 programmer|+30 explicit junior|+10 explicit junior
2273,Junior konzultant PKI,false,54,90,junior,,unknown,,+30 explicit junior|+10 explicit junior
2274,Hledá se Absolvent Programátor,false,69,88,junior,,unknown,,title: +2 programmer|+30 explicit junior|+8 graduate
2275,Business Central programátor (AL) – vítáme i juniory,false,46,50,unknown,,unknown,,title: +2 programmer
2277,Junior C# Developer,true,94,90,junior,,unknown,c#,title: +5 software development role|+30 explicit junior|+10 explicit junior
2278,JUNIOR JAVA Developer pro core systémy pojišťovny,true,94,90,junior,,unknown,java,title: +5 software development role|+30 explicit junior|+10 explicit junior
2280,Správa e-shopů a interních systémů,false,30,50,unknown,,unknown,,
2281,Junior Test Automation Engineer – Automotive (pro studenty) | 20 hodin/týden,false,54,90,junior,,unknown,,+30 explicit junior|+10 explicit junior
2282,E-commerce Intern,false,45,75,intern,,unknown,,+25 internship
2284,JUNIOR JAVA Developer pro core systémy pojišťovny,true,94,90,junior,,unknown,java,title: +5 software development role|+30 explicit junior|+10 explicit junior
2287,IT Transformation trainee  (f/m),false,53,88,junior,,unknown,,+30 explicit junior|+8 trainee
2288,Junior Developer pro Service Assurance Applications,true,94,90,junior,,unknown,,title: +5 software development role|+30 explicit junior|+10 explicit junior
2289,Trainee – Systémový/á inženýr/ka pro řídicí systémy a průmyslovou automatizaci,false,53,88,junior,,unknown,,+30 explicit junior|+8 trainee
2290,Junior DevOps Engineer (Stáž / Trainee),true,96,93,intern,,unknown,,title: +5 DevOps|+25 internship|+10 explicit junior|+8 trainee
2291,Obchodní referent pro IT Solutions – absolventi vítáni 🎓,false,53,88,junior,,unknown,,+30 explicit junior|+8 graduate
2292,Junior Analytik pro Přenosovou soustavu,false,54,90,junior,,unknown,,+30 explicit junior|+10 explicit junior
2293,IT/Elektro absolvent | Oživuj SW a procestuj svět! | 40-50.000 Kč,false,53,88,junior,,unknown,,+30 explicit junior|+8 graduate
2294,IT Transformation trainee (f/m),false,53,88,junior,,unknown,,+30 explicit junior|+8 trainee
2295,Technik oprav a diagnostiky serverů (HW) – ideální role pro absolventy!,false,53,88,junior,,unknown,,+30 explicit junior|+8 graduate
2296,Správce ICT (junior) M/Ž,false,54,90,junior,,unknown,,+30 explicit junior|+10 explicit junior
2297,Consultant převodních cen – vhodné pro studenty,false,30,50,unknown,,unknown,,
2298,Junior Analytik /analytička systémových nástrojů,false,54,90,junior,,unknown,,+30 explicit junior|+10 explicit junior
2300,JUNIOR FULL-STACK & AI ENGINEER,true,94,90,junior,,unknown,,title: +5 web development|+30 explicit junior|+10 explicit junior
2301,JUNIOR PRODUCT OWNER,false,54,90,junior,,unknown,,+30 explicit junior|+10 explicit junior
2302,Junior QA Engineer (part-time),false,54,90,junior,,unknown,,+30 explicit junior|+10 explicit junior
2304,Junior/Trainee Analytik - skvělý start tvé kariéry v IT!,false,59,98,junior,,unknown,,+30 explicit junior|+10 explicit junior|+8 trainee
2305,Junior Developer - skvělý start tvé kariéry v IT!,true,94,90,junior,,unknown,,title: +5 software development role|+30 explicit junior|+10 explicit junior
2306,Technik IT Junior,false,54,90,junior,,unknown,,+30 explicit junior|+10 explicit junior
2307,Junior QA Engineer (part-time),false,54,90,junior,,unknown,,+30 explicit junior|+10 explicit junior
2308,IT Administrátor/ka - Junior,false,54,90,junior,,unknown,,+30 explicit junior|+10 explicit junior
2309,IT End User Support - Junior/ka,false,54,90,junior,,unknown,,+30 explicit junior|+10 explicit junior
2310,ITRP - Junior Tester/ka,false,70,90,junior,,unknown,,title: +2 tester|+30 explicit junior|+10 explicit junior
2312,Absolventský program - .NET developer (m/ž),true,93,88,junior,,unknown,.net,title: +5 software development role|+30 explicit junior|+8 graduate
2314,Junior Security Consultant,false,54,90,junior,,unknown,,+30 explicit junior|+10 explicit junior
2316,Vývojáři SW - Associate IT infrastructure engineer,true,50,50,unknown,,unknown,docker,description: +5 DevOps
2317,Delphi Junior programátor (Programátoři počítačových aplikací) (m/ž),true,82,90,junior,,unknown,sql,title: +2 programmer|description: +2 programmer|description: +1 SQL|+30 explicit junior|+10 explicit junior
2318,Graduate Analyst Developer,true,75,58,unknown,,unknown,java|c#|c++,title: +5 software development role|+8 graduate
2320,Network Internet Security Administrátor,false,30,50,unknown,,unknown,,
2322,Junior programátor/ka,false,70,90,junior,,unknown,,title: +2 programmer|+30 explicit junior|+10 explicit junior
2324,Network Internet Security Administrátor,false,30,50,unknown,,unknown,,
2325,Banking (kvantitativní rizika) – Junior konzultant/ka,false,54,90,junior,,unknown,,+30 explicit junior|+10 explicit junior
2326,Industrial Leader - Trainee program pro budoucí leadery výroby,false,53,88,junior,,unknown,,+30 explicit junior|+8 trainee
2327,Trainee pro tým Securing Life Projects - Pensioneers- IT Analytik/čka,false,53,88,junior,,unknown,,+30 explicit junior|+8 trainee
2329,Trainee pro tým Securing Life Projects - Pensioneers- IT Analytik/čka,false,53,88,junior,,unknown,,+30 explicit junior|+8 trainee
2331,Mladá krev IT Konzultant junior - buduj svou karieru pro ERP systémy až 60.000 Kč,false,54,90,junior,,unknown,,+30 explicit junior|+10 explicit junior
2332,Junior Systems Analyst,false,54,90,junior,,unknown,,+30 explicit junior|+10 explicit junior
2333,Junior ICT Technik,false,54,90,junior,,unknown,,+30 explicit junior|+10 explicit junior
2334,Trainee v Product Development COE,false,53,88,junior,,unknown,,+30 explicit junior|+8 trainee
2335,Servisní dispečer / dispečerka (junior/absolvent),false,59,98,junior,,unknown,,+30 explicit junior|+10 explicit junior|+8 graduate
2337,Brigáda | Junior HW Developer | Vhodné pro studenty VŠ (28-34.000 Kč),true,94,90,junior,,unknown,,title: +5 software development role|+30 explicit junior|+10 explicit junior
2338,TECHNIK VÝVOJE POČÍTAČŮ HAL3000 JUNIOR (BRNO),false,54,90,junior,,unknown,,+30 explicit junior|+10 explicit junior
2339,Trainee v Product Development COE,false,53,88,junior,,unknown,,+30 explicit junior|+8 trainee
2340,Servisní dispečer / dispečerka (junior/absolvent),false,59,98,junior,,unknown,,+30 explicit junior|+10 explicit junior|+8 graduate
2342,Developer Associate,true,70,50,unknown,,unknown,,title: +5 software development role
2343,Junior Frontend Developer,true,94,90,junior,,unknown,,title: +5 software development role|title: +5 web development|+30 explicit junior|+10 explicit junior
2344,TRAINEE PROGRAM pro ABSOLVENTY - Systémový inženýr,false,58,96,junior,,unknown,,+30 explicit junior|+8 trainee|+8 graduate
2346,TRAINEE PROGRAM pro ABSOLVENTY - Systémový inženýr,false,58,96,junior,,unknown,,+30 explicit junior|+8 trainee|+8 graduate
2349,Junior full-stack vývojář / vývojářka (Laravel),true,94,90,junior,,unknown,laravel,title: +5 software development role|title: +5 web development|+30 explicit junior|+10 explicit junior
2350,Consulting Internship with Czech or Slovak,false,45,75,intern,,unknown,,+25 internship
2351,C++ student/ka pro cyber-security řešení (m/ž/n),false,30,50,unknown,,unknown,c++,
2352,Python student/ka pro cyber-security řešení (m/ž/n),false,30,50,unknown,,unknown,python,
2355,Junior vývojář mobilních aplikací – Android (Kotlin),true,94,90,junior,,remote,kotlin|rust|android|github,title: +5 software development role|description: +5 web development|+30 explicit junior|+10 explicit junior
2356,Trainee pro oblast Operations - Datový analytik (m/ž),false,53,88,junior,,unknown,,+30 explicit junior|+8 trainee
2357,JUNIOR AUTOMATION DEVELOPER,true,94,90,junior,,unknown,,title: +5 software development role|+30 explicit junior|+10 explicit junior
2359,Junior IT tester / testerka,false,70,90,junior,,unknown,,title: +2 tester|+30 explicit junior|+10 explicit junior
2360,Trainee pro oblast Operations - Datový analytik (m/ž),false,53,88,junior,,unknown,,+30 explicit junior|+8 trainee
2361,JUNIOR AUTOMATION DEVELOPER,true,94,90,junior,,unknown,,title: +5 software development role|+30 explicit junior|+10 explicit junior
2362,Junior IT Technik – nastartujte kariéru v IT | až 35.000 Kč,false,54,90,junior,,unknown,,+30 explicit junior|+10 explicit junior
2365,Junior Sales Representative v IT,false,54,90,junior,,unknown,,+30 explicit junior|+10 explicit junior
2366,System Safety Engineer Support w/ German Internship (f/m/d),false,45,75,intern,,unknown,,+25 internship
2367,Junior IT business analytik/analytička,false,54,90,junior,,unknown,,+30 explicit junior|+10 explicit junior
2368,Trainee - technický dispečink,false,53,88,junior,,unknown,,+30 explicit junior|+8 trainee
2369,System Safety Engineer Support w/ German Internship (f/m/d),false,45,75,intern,,unknown,,+25 internship
2371,Automatizační technik / Junior HW Vývojář (Projekt srdečních katetrů),true,94,90,junior,,unknown,,title: +5 software development role|+30 explicit junior|+10 explicit junior
2376,Junior technik,false,54,90,junior,,unknown,,+30 explicit junior|+10 explicit junior
2379,Tester Junior (placená brigáda pro studenty VŠ),false,70,90,junior,,unknown,,title: +2 tester|+30 explicit junior|+10 explicit junior
2380,C# Developer pro interní informační systém,true,70,50,unknown,,unknown,c#,title: +5 software development role
2381,SAP interní konzultant / ka - Plánování výroby a logistika,false,30,50,unknown,,unknown,,
2382,JUNIOR JAVA DEVELOPER (Plzeň),true,94,90,junior,,unknown,java,title: +5 software development role|+30 explicit junior|+10 explicit junior
2383,Technik diagnostiky serverů | Brno | Vhodné i pro absolventy | Nástup do kmene,false,53,88,junior,,unknown,,+30 explicit junior|+8 graduate
2384,Tester Junior (placená brigáda pro studenty VŠ),false,70,90,junior,,unknown,,title: +2 tester|+30 explicit junior|+10 explicit junior
2385,ICT Service Trainee (pro studenty VŠ),false,53,88,junior,,unknown,,+30 explicit junior|+8 trainee
2386,Junior HW Technik | Vhodné pro absolventy | 1 směna,false,60,100,junior,,unknown,,+30 explicit junior|+10 explicit junior|+8 graduate|+10 suitable for graduates
2387,JUNIOR JAVA DEVELOPER (Plzeň),true,94,90,junior,,unknown,java,title: +5 software development role|+30 explicit junior|+10 explicit junior
2390,Associate Support Engineer,false,30,50,unknown,,unknown,,
2391,Interní auditor kybernetické bezpečnosti,false,30,50,unknown,,unknown,,
2392,Junior Space Planner (plánování prodejen)📐,false,54,90,junior,,unknown,,+30 explicit junior|+10 explicit junior
2393,Trainee pro Data CoE - Data analytik/čka s přesahem do Data Engineering,false,53,88,junior,,unknown,,+30 explicit junior|+8 trainee
2394,Internetový technik / služební vůz,false,30,50,unknown,,unknown,,
2397,🔧 Technik testování HW (super start pro absolventy IT),false,53,88,junior,,unknown,,+30 explicit junior|+8 graduate
2398,Junior Software Developer – Test Automation,true,94,90,junior,,unknown,,title: +5 software development role|+30 explicit junior|+10 explicit junior
2399,Data Development Trainee,false,53,88,junior,,unknown,,+30 explicit junior|+8 trainee
2400,🔧 Technik testování HW (super start pro absolventy IT),false,53,88,junior,,unknown,,+30 explicit junior|+8 graduate
2401,Junior Software Developer – Test Automation,true,94,90,junior,,unknown,,title: +5 software development role|+30 explicit junior|+10 explicit junior
2402,Data Development Trainee,false,53,88,junior,,unknown,,+30 explicit junior|+8 trainee
2403,Programátor IS junior,false,70,90,junior,,unknown,,title: +2 programmer|+30 explicit junior|+10 explicit junior
2406,Junior konzultant digitalizace výroby a ERP/MES systémů,false,54,90,junior,,unknown,,+30 explicit junior|+10 explicit junior
2407,INTERNSHIP - Full Stack Developer (Rožnov pod Radhoštěm),true,85,75,intern,,unknown,,title: +5 software development role|title: +5 web development|+25 internship
2409,Vývojář začátečník [FAST TRACK] | Ostrava,true,94,90,junior,,unknown,,title: +5 software development role|+30 explicit junior|+10 beginner
2413,Junior obchodní konzultant (ka) B2B – Praha / Brno,false,54,90,junior,,unknown,,+30 explicit junior|+10 explicit junior
2414,INTERNSHIP - Full Stack Developer (Rožnov pod Radhoštěm),true,85,75,intern,,unknown,,title: +5 software development role|title: +5 web development|+25 internship
2416,Vývojář začátečník [FAST TRACK] | Ostrava,true,94,90,junior,,unknown,,title: +5 software development role|+30 explicit junior|+10 beginner
2422,Student IT / Junior Developer (dlouhodobější spolupráce od 300 Kč/h),true,94,90,junior,,unknown,,title: +5 software development role|+30 explicit junior|+10 explicit junior
2427,Trainee program pro absolventy (m/ž) - technicko-administrativní podpora výroby,false,58,96,junior,,unknown,,+30 explicit junior|+8 trainee|+8 graduate
2432,"STÁŽ na ÚOHS, pro studenty datové analytiky na VŠ",false,45,75,intern,,unknown,,+25 internship
2435,Junior Software Developer,true,94,90,junior,,unknown,,title: +5 software development role|+30 explicit junior|+10 explicit junior
2440,Junior GIS Analyst at Aon Impact Forecasting,false,54,90,junior,,unknown,,+30 explicit junior|+10 explicit junior
2445,Administrátor interních instrukcí a testování (FT) - pro OZP,false,30,50,unknown,,unknown,,
2447,Trainee Services System Engineer (L1),false,53,88,junior,,unknown,,+30 explicit junior|+8 trainee
2452,Trainee Services System Engineer (L1),false,53,88,junior,,unknown,,+30 explicit junior|+8 trainee
